"Cryptocurrency","LM_Statistic","P_Value","ARCH_Effect"
"BTC",96.0511418003512,3.29284758706914e-15,"Yes"
"ETH",153.968761274989,8.86538365625911e-27,"Yes"
"SOL",197.029605265662,1.33742469752136e-35,"Yes"
"BNB",375.110826826488,6.98001140450838e-73,"Yes"
